{
    "camera":  {
                   "tgtX":  -124.00314067226009,
                   "tgtY":  251.80359802645953,
                   "tgtZ":  -289.89284007171585,
                   "x":  -2276.8496382493663,
                   "y":  275.784367204264,
                   "z":  288.61980506201536
               },
    "cloudPoints":  [

                    ],
    "imageHeight":  5712,
    "imageWidth":  4284,
    "source":  "IMG_0915.jpg",
    "version":  "1.0",
    "gcpMarks":  [
                     {
                         "id":  "1",
                         "u":  2637.0400390625,
                         "v":  2346.679931640625
                     },
                     {
                         "id":  "2",
                         "u":  1547.0,
                         "v":  2270.52001953125
                     },
                     {
                         "id":  "3",
                         "u":  1904.0,
                         "v":  2070.60009765625
                     },
                     {
                         "id":  "4",
                         "u":  2346.679931640625,
                         "v":  2094.39990234375
                     }
                 ]
}
