{
    "camera":  {
                   "tgtX":  965.2175213576745,
                   "tgtY":  457.40857364272324,
                   "tgtZ":  77.39053835079676,
                   "x":  -102.61797284821569,
                   "y":  -1380.9020714971196,
                   "z":  748.465295199542
               },
    "cloudPoints":  [

                    ],
    "imageHeight":  4284,
    "imageWidth":  5712,
    "source":  "IMG_0914.jpg",
    "version":  "1.0",
    "gcpMarks":  [
                     {
                         "id":  "1",
                         "u":  1345.8900146484375,
                         "v":  3312.9599609375
                     },
                     {
                         "id":  "2",
                         "u":  988.8900146484375,
                         "v":  2809.590087890625
                     },
                     {
                         "id":  "4",
                         "u":  4423.22998046875,
                         "v":  2024.18994140625
                     },
                     {
                         "id":  "3",
                         "u":  3891.300048828125,
                         "v":  1867.1099853515625
                     }
                 ]
}
