{
    "camera":  {
                   "tgtX":  690.2399555225297,
                   "tgtY":  644.1794307157959,
                   "tgtZ":  76.03901509648335,
                   "x":  -759.7722067664838,
                   "y":  -136.07655662632453,
                   "z":  1578.9246805516802
               },
    "cloudPoints":  [
                        {
                            "id":  0,
                            "x":  1189.88623046875,
                            "y":  2513.942626953125
                        }
                    ],
    "imageHeight":  5712,
    "imageWidth":  4284,
    "source":  "IMG_0912.jpg",
    "version":  "1.0",
    "gcpMarks":  [
                     {
                         "id":  "1",
                         "u":  2898.840087890625,
                         "v":  4460.1201171875
                     },
                     {
                         "id":  "2",
                         "u":  1589.8399658203125,
                         "v":  3955.56005859375
                     },
                     {
                         "id":  "3",
                         "u":  2922.639892578125,
                         "v":  2023.0
                     },
                     {
                         "id":  "4",
                         "u":  3550.9599609375,
                         "v":  2122.9599609375
                     }
                 ]
}
