{
  "camera": {
    "tgtX": -44.4729729539622,
    "tgtY": 250.7027481158217,
    "tgtZ": -182.51961634785545,
    "x": -2263.7997145235627,
    "y": 200.59002553583014,
    "z": 21.742088573261213
  },
  "cloudPoints": [
    {
      "id": 0,
      "x": 4283.0,
      "y": 4.760000228881836
    }
  ],
  "gcpMarks": [
    {
      "id": "1",
      "u": 2584.679931640625,
      "v": 2532.320068359375
    },
    {
      "id": "2",
      "u": 1532.719970703125,
      "v": 2527.56005859375
    },
    {
      "id": "3",
      "u": 1842.1199951171875,
      "v": 2518.0400390625
    },
    {
      "id": "4",
      "u": 2427.60009765625,
      "v": 2508.52001953125
    }
  ],
  "imageHeight": 5712,
  "imageWidth": 4284,
  "source": "IMG_0916.jpg",
  "version": "1.0"
}
