{
  "camera": {
    "tgtX": 964.5937551932758,
    "tgtY": 450.88938738432194,
    "tgtZ": 85.93769053374433,
    "x": -85.47478149640767,
    "y": -1404.7219856784407,
    "z": 737.138504733573
  },
  "cloudPoints": [
    {
      "id": 0,
      "x": 992.5643920898438,
      "y": 2817.81787109375
    }
  ],
  "gcpMarks": [
    {
      "id": "1",
      "u": 1330.7974853515625,
      "v": 3308.709228515625
    },
    {
      "id": "2",
      "u": 992.5643920898438,
      "v": 2817.81787109375
    },
    {
      "id": "3",
      "u": 3899.2275390625,
      "v": 1879.9598388671875
    },
    {
      "id": "4",
      "u": 4421.3623046875,
      "v": 2032.3658447265625
    }
  ],
  "imageHeight": 4284,
  "imageWidth": 5712,
  "source": "IMG_0914.jpg",
  "version": "1.0"
}
